<?xml version="1.0"?>
<data grt_format="2.0">
  <value _ptr_="0x555e0f5bcc40" type="list" content-type="object" content-struct-name="db.mgmt.Connection">
    <value type="object" struct-name="db.mgmt.Connection" id="c7c98d62-0146-11ee-8a31-a7021f9447e0" struct-checksum="0x96ba47d8">
      <link type="object" struct-name="db.mgmt.Driver" key="driver">com.mysql.rdbms.mysql.driver.native</link>
      <value type="string" key="hostIdentifier">Mysql@localhost:3306</value>
      <value type="int" key="isDefault">1</value>
      <value _ptr_="0x555e0f694430" type="dict" key="modules"/>
      <value _ptr_="0x555e0f6944b0" type="dict" key="parameterValues">
        <value type="string" key="DbSqlEditor:LastDefaultSchema">maya_schema</value>
        <value type="string" key="SQL_MODE"></value>
        <value type="string" key="hostName">localhost</value>
        <value type="int" key="lastConnected">1727966716</value>
        <value type="string" key="password">escola</value>
        <value type="int" key="port">3306</value>
        <value type="string" key="schema"></value>
        <value type="string" key="serverVersion">8.0.19-0ubuntu5</value>
        <value type="string" key="sslCA"></value>
        <value type="string" key="sslCert"></value>
        <value type="string" key="sslCipher"></value>
        <value type="string" key="sslKey"></value>
        <value type="int" key="useSSL">2</value>
        <value type="string" key="userName">root</value>
      </value>
      <value type="string" key="name">Local instance 3306</value>
      <link type="object" struct-name="GrtObject" key="owner">18c1b4ec-8196-11ef-8f8e-8d3de5cd9b4f</link>
    </value>
  </value>
</data>
