<?xml version="1.0"?>
<data grt_format="2.0">
  <value _ptr_="0x555e0f2622f0" type="list" content-type="object" content-struct-name="db.mgmt.ServerInstance">
    <value type="object" struct-name="db.mgmt.ServerInstance" id="c7c98d61-0146-11ee-8a31-a7021f9447e0" struct-checksum="0x367436e2">
      <link type="object" struct-name="db.mgmt.Connection" key="connection">c7c98d62-0146-11ee-8a31-a7021f9447e0</link>
      <value _ptr_="0x555e0f6d9e80" type="dict" key="loginInfo"/>
      <value _ptr_="0x555e0f69bb20" type="dict" key="serverInfo">
        <value type="string" key="basedir">/usr/</value>
        <value type="string" key="datadir">/var/lib/mysql/</value>
        <value type="string" key="errorLogFilePath">/var/log/mysql/error.log</value>
        <value type="string" key="generalLogFilePath">/var/lib/mysql/e41099532-ed7909.log</value>
        <value type="string" key="serverVersion">8.0.33-0ubuntu0.20.04.2</value>
        <value type="int" key="setupPending">0</value>
        <value type="string" key="slowLogFilePath">/var/lib/mysql/e41099532-ed7909-slow.log</value>
        <value type="string" key="sys.config.path"></value>
        <value type="string" key="sys.config.section">mysqld</value>
        <value type="string" key="sys.preset">Custom</value>
        <value type="string" key="sys.sudo"></value>
        <value type="string" key="sys.system">Linux</value>
        <value type="int" key="sys.usesudo">0</value>
        <value type="int" key="sys.usesudostatus">0</value>
      </value>
      <value type="string" key="name">Local 3306</value>
    </value>
  </value>
</data>
